path,annotations
TuriSample/images/Fruits0.png,"[{'label':'pineapple','type':'rectangle','coordinates':{'x':410,'y':171,'width':138,'height':273}},{'label':'pomegranate','type':'rectangle','coordinates':{'x':140,'y':163,'width':64,'height':68}}]"
TuriSample/images/Fruits1.png,"[{'label':'pineapple','type':'rectangle','coordinates':{'x':252,'y':161,'width':111,'height':214}}]"
TuriSample/images/Fruits2.png,"[{'label':'pineapple','type':'rectangle','coordinates':{'x':206,'y':243,'width':135,'height':276}}]"
TuriSample/images/Fruits3.png,"[{'label':'pineapple','type':'rectangle','coordinates':{'x':177,'y':205,'width':105,'height':194}}]"
TuriSample/images/Fruits4.png,"[{'label':'pineapple','type':'rectangle','coordinates':{'x':295,'y':242,'width':137,'height':276}},{'label':'pomegranate','type':'rectangle','coordinates':{'x':88,'y':184,'width':62,'height':64}}]"
TuriSample/images/Fruits5.png,"[{'label':'pomegranate','type':'rectangle','coordinates':{'x':89,'y':184,'width':55,'height':54}},{'label':'pineapple','type':'rectangle','coordinates':{'x':346,'y':164,'width':85,'height':160}}]"
TuriSample/images/Fruits6.png,"[{'label':'pomegranate','type':'rectangle','coordinates':{'x':245,'y':138,'width':119,'height':136}}]"
TuriSample/images/Fruits7.png,"[{'label':'pomegranate','type':'rectangle','coordinates':{'x':266,'y':204,'width':122,'height':137}}]"
TuriSample/images/Fruits8.png,"[{'label':'pomegranate','type':'rectangle','coordinates':{'x':251,'y':180,'width':76,'height':77}}]"
TuriSample/images/Fruits9.png,"[{'label':'mango','type':'rectangle','coordinates':{'x':297,'y':169,'width':163,'height':109}}]"
TuriSample/images/Fruits10.png,"[{'label':'mango','type':'rectangle','coordinates':{'x':234,'y':174,'width':81,'height':56}},{'label':'mango','type':'rectangle','coordinates':{'x':309,'y':182,'width':69,'height':59}}]"
TuriSample/images/Fruits11.png,"[{'label':'mango','type':'rectangle','coordinates':{'x':171,'y':194,'width':114,'height':118}},{'label':'mango','type':'rectangle','coordinates':{'x':325,'y':175,'width':85,'height':111}}]"
TuriSample/images/Fruits12.png,"[{'label':'mango','type':'rectangle','coordinates':{'x':188,'y':171,'width':118,'height':108}},{'label':'mango','type':'rectangle','coordinates':{'x':342,'y':162,'width':85,'height':104}}]"
TuriSample/images/Fruits13.png,"[{'label':'dragonfruit','type':'rectangle','coordinates':{'x':274,'y':193,'width':231,'height':229}}]"
TuriSample/images/Fruits14.png,"[{'label':'dragonfruit','type':'rectangle','coordinates':{'x':250,'y':124,'width':148,'height':151}}]"
TuriSample/images/Fruits15.png,"[{'label':'dragonfruit','type':'rectangle','coordinates':{'x':244,'y':158,'width':179,'height':138}}]"
TuriSample/images/Fruits16.png,"[{'label':'dragonfruit','type':'rectangle','coordinates':{'x':186,'y':186,'width':171,'height':141}}]"
TuriSample/images/Fruits17.png,"[{'label':'dragonfruit','type':'rectangle','coordinates':{'x':298,'y':186,'width':129,'height':113}}]"
TuriSample/images/Fruits18.png,"[{'label':'dragonfruit','type':'rectangle','coordinates':{'x':154,'y':202,'width':89,'height':108}},{'label':'pineapple','type':'rectangle','coordinates':{'x':192,'y':116,'width':96,'height':184}},{'label':'mango','type':'rectangle','coordinates':{'x':261,'y':212,'width':68,'height':67}},{'label':'pomegranate','type':'rectangle','coordinates':{'x':374,'y':225,'width':69,'height':72}}]"
TuriSample/images/Fruits19.png,"[{'label':'pomegranate','type':'rectangle','coordinates':{'x':362,'y':193,'width':61,'height':62}},{'label':'mango','type':'rectangle','coordinates':{'x':261,'y':207,'width':54,'height':72}},{'label':'dragonfruit','type':'rectangle','coordinates':{'x':162,'y':229,'width':115,'height':101}},{'label':'pineapple','type':'rectangle','coordinates':{'x':167,'y':129,'width':96,'height':174}}]"
TuriSample/images/Fruits20.png,"[{'label':'pineapple','type':'rectangle','coordinates':{'x':145,'y':122,'width':109,'height':211}},{'label':'dragonfruit','type':'rectangle','coordinates':{'x':126,'y':222,'width':131,'height':109}},{'label':'mango','type':'rectangle','coordinates':{'x':249,'y':212,'width':69,'height':72}},{'label':'pomegranate','type':'rectangle','coordinates':{'x':374,'y':199,'width':74,'height':82}}]"
TuriSample/images/Fruits21.png,"[{'label':'pomegranate','type':'rectangle','coordinates':{'x':282,'y':183,'width':109,'height':114}}]"
TuriSample/images/Fruits22.png,"[{'label':'pomegranate','type':'rectangle','coordinates':{'x':265,'y':177,'width':117,'height':133}}]"
TuriSample/images/Fruits23.png,"[{'label':'pomegranate','type':'rectangle','coordinates':{'x':140,'y':239,'width':136,'height':149}}]"
TuriSample/images/Fruits24.png,"[{'label':'mango','type':'rectangle','coordinates':{'x':139,'y':186,'width':138,'height':115}},{'label':'mango','type':'rectangle','coordinates':{'x':343,'y':198,'width':127,'height':116}}]"
TuriSample/images/Fruits25.png,"[{'label':'mango','type':'rectangle','coordinates':{'x':163,'y':135,'width':145,'height':100}},{'label':'mango','type':'rectangle','coordinates':{'x':335,'y':168,'width':209,'height':133}}]"
TuriSample/images/Fruits26.png,"[{'label':'mango','type':'rectangle','coordinates':{'x':194,'y':191,'width':145,'height':128}},{'label':'mango','type':'rectangle','coordinates':{'x':404,'y':181,'width':111,'height':105}}]"
TuriSample/images/Fruits27.png,"[{'label':'mango','type':'rectangle','coordinates':{'x':244,'y':220,'width':129,'height':139}},{'label':'mango','type':'rectangle','coordinates':{'x':452,'y':184,'width':99,'height':88}}]"
TuriSample/images/Fruits28.png,"[{'label':'mango','type':'rectangle','coordinates':{'x':276,'y':237,'width':210,'height':230}}]"
TuriSample/images/Fruits29.png,"[{'label':'mango','type':'rectangle','coordinates':{'x':220,'y':297,'width':186,'height':122}},{'label':'mango','type':'rectangle','coordinates':{'x':112,'y':213,'width':106,'height':75}}]"
TuriSample/images/Fruits30.png,"[{'label':'mango','type':'rectangle','coordinates':{'x':181,'y':159,'width':113,'height':87}},{'label':'mango','type':'rectangle','coordinates':{'x':333,'y':189,'width':194,'height':123}}]"
TuriSample/images/Fruits31.png,"[{'label':'pineapple','type':'rectangle','coordinates':{'x':291,'y':205,'width':161,'height':332}}]"
TuriSample/images/Fruits32.png,"[{'label':'pineapple','type':'rectangle','coordinates':{'x':197,'y':311,'width':108,'height':213}}]"
TuriSample/images/Fruits33.png,"[{'label':'pineapple','type':'rectangle','coordinates':{'x':185,'y':263,'width':125,'height':264}}]"
TuriSample/images/Fruits34.png,"[{'label':'pineapple','type':'rectangle','coordinates':{'x':196,'y':158,'width':133,'height':277}}]"
TuriSample/images/Fruits35.png,"[{'label':'pineapple','type':'rectangle','coordinates':{'x':174,'y':224,'width':125,'height':260}}]"
TuriSample/images/Fruits36.png,"[{'label':'pineapple','type':'rectangle','coordinates':{'x':176,'y':260,'width':121,'height':248}}]"
TuriSample/images/Fruits37.png,"[{'label':'dragonfruit','type':'rectangle','coordinates':{'x':277,'y':247,'width':130,'height':138}}]"
TuriSample/images/Fruits38.png,"[{'label':'dragonfruit','type':'rectangle','coordinates':{'x':258,'y':197,'width':168,'height':175}}]"
TuriSample/images/Fruits39.png,"[{'label':'dragonfruit','type':'rectangle','coordinates':{'x':306,'y':177,'width':229,'height':125}}]"
TuriSample/images/Fruits40.png,"[{'label':'dragonfruit','type':'rectangle','coordinates':{'x':184,'y':239,'width':230,'height':146}}]"
TuriSample/images/Fruits41.png,"[{'label':'dragonfruit','type':'rectangle','coordinates':{'x':427,'y':226,'width':84,'height':77}},{'label':'mango','type':'rectangle','coordinates':{'x':347,'y':299,'width':73,'height':95}},{'label':'mango','type':'rectangle','coordinates':{'x':212,'y':284,'width':89,'height':85}},{'label':'pineapple','type':'rectangle','coordinates':{'x':297,'y':156,'width':97,'height':202}},{'label':'pomegranate','type':'rectangle','coordinates':{'x':185,'y':204,'width':65,'height':62}}]"
TuriSample/images/Fruits42.png,"[{'label':'mango','type':'rectangle','coordinates':{'x':97,'y':296,'width':85,'height':59}},{'label':'mango','type':'rectangle','coordinates':{'x':127,'y':386,'width':94,'height':89}},{'label':'pineapple','type':'rectangle','coordinates':{'x':205,'y':255,'width':104,'height':213}},{'label':'pomegranate','type':'rectangle','coordinates':{'x':158,'y':246,'width':41,'height':55}},{'label':'dragonfruit','type':'rectangle','coordinates':{'x':288,'y':447,'width':130,'height':114}}]"
TuriSample/images/Fruits43.png,"[{'label':'pineapple','type':'rectangle','coordinates':{'x':191,'y':338,'width':81,'height':168}}]"
TuriSample/images/Fruits44.png,"[{'label':'pineapple','type':'rectangle','coordinates':{'x':194,'y':184,'width':94,'height':201}}]"
TuriSample/images/Fruits45.png,"[{'label':'pineapple','type':'rectangle','coordinates':{'x':170,'y':261,'width':90,'height':191}}]"
TuriSample/images/Fruits46.png,"[{'label':'pineapple','type':'rectangle','coordinates':{'x':192,'y':247,'width':181,'height':367}}]"
TuriSample/images/Fruits47.png,"[{'label':'pineapple','type':'rectangle','coordinates':{'x':219,'y':220,'width':128,'height':272}}]"
TuriSample/images/Fruits48.png,"[{'label':'pineapple','type':'rectangle','coordinates':{'x':266,'y':177,'width':108,'height':235}}]"
TuriSample/images/Fruits49.png,"[{'label':'pineapple','type':'rectangle','coordinates':{'x':290,'y':178,'width':129,'height':275}}]"
TuriSample/images/Fruits50.png,"[{'label':'pineapple','type':'rectangle','coordinates':{'x':179,'y':291,'width':84,'height':170}}]"
TuriSample/images/Fruits51.png,"[{'label':'mango','type':'rectangle','coordinates':{'x':142,'y':248,'width':87,'height':78}},{'label':'mango','type':'rectangle','coordinates':{'x':150,'y':156,'width':53,'height':81}}]"
TuriSample/images/Fruits52.png,"[{'label':'pomegranate','type':'rectangle','coordinates':{'x':263,'y':169,'width':174,'height':199}}]"
TuriSample/images/Fruits53.png,"[{'label':'pomegranate','type':'rectangle','coordinates':{'x':268,'y':176,'width':107,'height':126}}]"
TuriSample/images/Fruits54.png,"[{'label':'pomegranate','type':'rectangle','coordinates':{'x':356,'y':125,'width':158,'height':169}}]"
TuriSample/images/Fruits55.png,"[{'label':'pomegranate','type':'rectangle','coordinates':{'x':194,'y':294,'width':69,'height':72}}]"
TuriSample/images/Fruits56.png,"[{'label':'pomegranate','type':'rectangle','coordinates':{'x':200,'y':285,'width':170,'height':194}}]"
TuriSample/images/Fruits57.png,"[{'label':'pomegranate','type':'rectangle','coordinates':{'x':163,'y':242,'width':118,'height':135}}]"
TuriSample/images/Fruits58.png,"[{'label':'dragonfruit','type':'rectangle','coordinates':{'x':262,'y':179,'width':91,'height':151}}]"
TuriSample/images/Fruits59.png,"[{'label':'dragonfruit','type':'rectangle','coordinates':{'x':192,'y':245,'width':164,'height':296}}]"
TuriSample/images/Fruits60.png,"[{'label':'dragonfruit','type':'rectangle','coordinates':{'x':317,'y':159,'width':134,'height':213}}]"
TuriSample/images/Fruits61.png,"[{'label':'dragonfruit','type':'rectangle','coordinates':{'x':313,'y':206,'width':71,'height':114}},{'label':'pineapple','type':'rectangle','coordinates':{'x':219,'y':145,'width':119,'height':244}},{'label':'mango','type':'rectangle','coordinates':{'x':351,'y':305,'width':128,'height':89}},{'label':'mango','type':'rectangle','coordinates':{'x':151,'y':178,'width':28,'height':51}},{'label':'pomegranate','type':'rectangle','coordinates':{'x':403,'y':220,'width':79,'height':81}}]"
TuriSample/images/Fruits62.png,"[{'label':'pineapple','type':'rectangle','coordinates':{'x':220,'y':146,'width':90,'height':190}},{'label':'pomegranate','type':'rectangle','coordinates':{'x':359,'y':200,'width':57,'height':62}},{'label':'mango','type':'rectangle','coordinates':{'x':162,'y':169,'width':39,'height':49}},{'label':'mango','type':'rectangle','coordinates':{'x':323,'y':259,'width':90,'height':60}},{'label':'dragonfruit','type':'rectangle','coordinates':{'x':291,'y':188,'width':52,'height':83}}]"
TuriSample/images/Fruits63.png,"[{'label':'pineapple','type':'rectangle','coordinates':{'x':228,'y':146,'width':75,'height':166}},{'label':'mango','type':'rectangle','coordinates':{'x':148,'y':191,'width':67,'height':42}},{'label':'mango','type':'rectangle','coordinates':{'x':336,'y':201,'width':52,'height':44}},{'label':'dragonfruit','type':'rectangle','coordinates':{'x':283,'y':166,'width':37,'height':74}},{'label':'pomegranate','type':'rectangle','coordinates':{'x':308,'y':162,'width':39,'height':45}}]"
TuriSample/images/Fruits64.png,"[{'label':'mango','type':'rectangle','coordinates':{'x':377,'y':213,'width':60,'height':56}},{'label':'mango','type':'rectangle','coordinates':{'x':126,'y':230,'width':99,'height':64}},{'label':'pineapple','type':'rectangle','coordinates':{'x':254,'y':149,'width':107,'height':237}}]"
TuriSample/images/Fruits65.png,"[{'label':'pineapple','type':'rectangle','coordinates':{'x':203,'y':243,'width':106,'height':231}},{'label':'mango','type':'rectangle','coordinates':{'x':86,'y':338,'width':91,'height':75}},{'label':'mango','type':'rectangle','coordinates':{'x':311,'y':274,'width':58,'height':56}}]"
TuriSample/images/Fruits66.png,"[{'label':'pineapple','type':'rectangle','coordinates':{'x':158,'y':246,'width':93,'height':200}},{'label':'pomegranate','type':'rectangle','coordinates':{'x':313,'y':304,'width':68,'height':71}},{'label':'mango','type':'rectangle','coordinates':{'x':256,'y':368,'width':109,'height':74}},{'label':'dragonfruit','type':'rectangle','coordinates':{'x':234,'y':289,'width':59,'height':90}}]"
TuriSample/images/Fruits67.png,"[{'label':'dragonfruit','type':'rectangle','coordinates':{'x':233,'y':285,'width':42,'height':64}},{'label':'pineapple','type':'rectangle','coordinates':{'x':177,'y':254,'width':69,'height':145}},{'label':'mango','type':'rectangle','coordinates':{'x':249,'y':339,'width':74,'height':48}},{'label':'pomegranate','type':'rectangle','coordinates':{'x':293,'y':298,'width':50,'height':54}}]"
TuriSample/images/Fruits68.png,"[{'label':'pomegranate','type':'rectangle','coordinates':{'x':341,'y':189,'width':50,'height':51}},{'label':'mango','type':'rectangle','coordinates':{'x':302,'y':219,'width':71,'height':47}},{'label':'dragonfruit','type':'rectangle','coordinates':{'x':283,'y':173,'width':42,'height':64}},{'label':'pineapple','type':'rectangle','coordinates':{'x':228,'y':146,'width':69,'height':143}}]"
TuriSample/images/Fruits69.png,"[{'label':'mango','type':'rectangle','coordinates':{'x':179,'y':165,'width':77,'height':55}},{'label':'mango','type':'rectangle','coordinates':{'x':318,'y':331,'width':79,'height':59}},{'label':'pomegranate','type':'rectangle','coordinates':{'x':371,'y':234,'width':60,'height':59}},{'label':'dragonfruit','type':'rectangle','coordinates':{'x':301,'y':251,'width':61,'height':76}},{'label':'pineapple','type':'rectangle','coordinates':{'x':224,'y':223,'width':93,'height':123}}]"
TuriSample/images/Fruits70.png,"[{'label':'mango','type':'rectangle','coordinates':{'x':177,'y':157,'width':78,'height':58}},{'label':'mango','type':'rectangle','coordinates':{'x':318,'y':324,'width':78,'height':62}},{'label':'pomegranate','type':'rectangle','coordinates':{'x':371,'y':227,'width':62,'height':58}},{'label':'pineapple','type':'rectangle','coordinates':{'x':226,'y':229,'width':95,'height':104}},{'label':'dragonfruit','type':'rectangle','coordinates':{'x':302,'y':250,'width':56,'height':83}}]"
TuriSample/images/Fruits71.png,"[{'label':'pineapple','type':'rectangle','coordinates':{'x':303,'y':144,'width':99,'height':212}},{'label':'dragonfruit','type':'rectangle','coordinates':{'x':230,'y':204,'width':87,'height':138}},{'label':'pomegranate','type':'rectangle','coordinates':{'x':169,'y':278,'width':98,'height':101}},{'label':'mango','type':'rectangle','coordinates':{'x':412,'y':219,'width':81,'height':65}},{'label':'mango','type':'rectangle','coordinates':{'x':156,'y':219,'width':83,'height':64}}]"
TuriSample/images/Fruits72.png,"[{'label':'mango','type':'rectangle','coordinates':{'x':387,'y':241,'width':82,'height':53}},{'label':'mango','type':'rectangle','coordinates':{'x':206,'y':201,'width':57,'height':43}},{'label':'pomegranate','type':'rectangle','coordinates':{'x':170,'y':232,'width':66,'height':62}},{'label':'dragonfruit','type':'rectangle','coordinates':{'x':241,'y':196,'width':51,'height':104}},{'label':'pineapple','type':'rectangle','coordinates':{'x':305,'y':166,'width':79,'height':167}}]"
TuriSample/images/Fruits73.png,"[{'label':'pineapple','type':'rectangle','coordinates':{'x':300,'y':135,'width':112,'height':234}},{'label':'pomegranate','type':'rectangle','coordinates':{'x':120,'y':224,'width':85,'height':78}},{'label':'mango','type':'rectangle','coordinates':{'x':410,'y':246,'width':123,'height':78}},{'label':'mango','type':'rectangle','coordinates':{'x':183,'y':185,'width':49,'height':50}},{'label':'dragonfruit','type':'rectangle','coordinates':{'x':219,'y':183,'width':60,'height':125}}]"
TuriSample/images/Fruits74.png,"[{'label':'dragonfruit','type':'rectangle','coordinates':{'x':308,'y':173,'width':228,'height':122}}]"
TuriSample/images/Fruits75.png,"[{'label':'pineapple','type':'rectangle','coordinates':{'x':204,'y':205,'width':166,'height':409}}]"
TuriSample/images/Fruits76.png,"[{'label':'pineapple','type':'rectangle','coordinates':{'x':201,'y':204,'width':169,'height':407}}]"
TuriSample/images/Fruits77.png,"[{'label':'pineapple','type':'rectangle','coordinates':{'x':199,'y':217,'width':138,'height':387}}]"
TuriSample/images/Fruits78.png,"[{'label':'mango','type':'rectangle','coordinates':{'x':198,'y':296,'width':110,'height':99}}]"
TuriSample/images/Fruits79.png,"[{'label':'mango','type':'rectangle','coordinates':{'x':200,'y':396,'width':100,'height':93}},{'label':'dragonfruit','type':'rectangle','coordinates':{'x':237,'y':223,'width':157,'height':90}}]"
TuriSample/images/Fruits80.png,"[{'label':'mango','type':'rectangle','coordinates':{'x':119,'y':318,'width':114,'height':91}},{'label':'dragonfruit','type':'rectangle','coordinates':{'x':292,'y':289,'width':144,'height':90}}]"
TuriSample/images/Fruits81.png,"[{'label':'dragonfruit','type':'rectangle','coordinates':{'x':256,'y':360,'width':168,'height':127}},{'label':'mango','type':'rectangle','coordinates':{'x':151,'y':316,'width':80,'height':68}}]"
TuriSample/images/Fruits82.png,"[{'label':'mango','type':'rectangle','coordinates':{'x':201,'y':317,'width':108,'height':114}}]"
TuriSample/images/Fruits83.png,"[{'label':'dragonfruit','type':'rectangle','coordinates':{'x':211,'y':310,'width':110,'height':200}}]"
TuriSample/images/Fruits84.png,"[{'label':'dragonfruit','type':'rectangle','coordinates':{'x':210,'y':301,'width':115,'height':200}}]"
TuriSample/images/Fruits85.png,"[{'label':'dragonfruit','type':'rectangle','coordinates':{'x':200,'y':256,'width':189,'height':135}}]"
TuriSample/images/Fruits86.png,"[{'label':'dragonfruit','type':'rectangle','coordinates':{'x':189,'y':291,'width':136,'height':81}}]"
TuriSample/images/Fruits87.png,"[{'label':'dragonfruit','type':'rectangle','coordinates':{'x':198,'y':302,'width':276,'height':164}}]"
TuriSample/images/Fruits88.png,"[{'label':'dragonfruit','type':'rectangle','coordinates':{'x':210,'y':275,'width':245,'height':134}}]"
TuriSample/images/Fruits89.png,"[{'label':'pineapple','type':'rectangle','coordinates':{'x':190,'y':201,'width':120,'height':367}}]"
TuriSample/images/Fruits90.png,"[{'label':'pineapple','type':'rectangle','coordinates':{'x':214,'y':170,'width':145,'height':339}},{'label':'mango','type':'rectangle','coordinates':{'x':37,'y':280,'width':62,'height':44}}]"
TuriSample/images/Fruits91.png,"[{'label':'pineapple','type':'rectangle','coordinates':{'x':163,'y':184,'width':211,'height':367}}]"
TuriSample/images/Fruits92.png,"[{'label':'pineapple','type':'rectangle','coordinates':{'x':183,'y':251,'width':212,'height':279}}]"
TuriSample/images/Fruits93.png,"[{'label':'pineapple','type':'rectangle','coordinates':{'x':162,'y':228,'width':187,'height':281}},{'label':'mango','type':'rectangle','coordinates':{'x':368,'y':200,'width':55,'height':55}}]"
TuriSample/images/Fruits94.png,"[{'label':'pineapple','type':'rectangle','coordinates':{'x':197,'y':227,'width':167,'height':274}},{'label':'dragonfruit','type':'rectangle','coordinates':{'x':251,'y':65,'width':46,'height':37}}]"
TuriSample/images/Fruits95.png,"[{'label':'pineapple','type':'rectangle','coordinates':{'x':212,'y':209,'width':150,'height':384}}]"
TuriSample/images/Fruits96.png,"[{'label':'pineapple','type':'rectangle','coordinates':{'x':233,'y':205,'width':110,'height':345}}]"
TuriSample/images/Fruits97.png,"[{'label':'pineapple','type':'rectangle','coordinates':{'x':222,'y':224,'width':135,'height':266}}]"
TuriSample/images/Fruits98.png,"[{'label':'pineapple','type':'rectangle','coordinates':{'x':224,'y':246,'width':255,'height':404}}]"
TuriSample/images/Fruits99.png,"[{'label':'pineapple','type':'rectangle','coordinates':{'x':228,'y':246,'width':246,'height':409}}]"
TuriSample/images/Fruits100.png,"[{'label':'dragonfruit','type':'rectangle','coordinates':{'x':195,'y':339,'width':157,'height':150}}]"
TuriSample/images/Fruits101.png,"[{'label':'dragonfruit','type':'rectangle','coordinates':{'x':194,'y':341,'width':160,'height':152}}]"
TuriSample/images/Fruits102.png,"[{'label':'dragonfruit','type':'rectangle','coordinates':{'x':199,'y':289,'width':173,'height':106}}]"
TuriSample/images/Fruits103.png,"[{'label':'dragonfruit','type':'rectangle','coordinates':{'x':193,'y':312,'width':190,'height':113}}]"
TuriSample/images/Fruits104.png,"[{'label':'dragonfruit','type':'rectangle','coordinates':{'x':231,'y':301,'width':134,'height':204}}]"
TuriSample/images/Fruits105.png,"[{'label':'dragonfruit','type':'rectangle','coordinates':{'x':290,'y':113,'width':305,'height':171}}]"
TuriSample/images/Fruits106.png,"[{'label':'dragonfruit','type':'rectangle','coordinates':{'x':192,'y':288,'width':156,'height':165}}]"
TuriSample/images/Fruits107.png,"[{'label':'dragonfruit','type':'rectangle','coordinates':{'x':192,'y':295,'width':159,'height':175}}]"
TuriSample/images/Fruits108.png,"[{'label':'dragonfruit','type':'rectangle','coordinates':{'x':194,'y':304,'width':171,'height':290}}]"
TuriSample/images/Fruits109.png,"[{'label':'dragonfruit','type':'rectangle','coordinates':{'x':211,'y':289,'width':200,'height':221}}]"
TuriSample/images/Fruits110.png,"[{'label':'dragonfruit','type':'rectangle','coordinates':{'x':208,'y':265,'width':220,'height':148}},{'label':'pineapple','type':'rectangle','coordinates':{'x':341,'y':109,'width':95,'height':213}}]"
TuriSample/images/Fruits111.png,"[{'label':'dragonfruit','type':'rectangle','coordinates':{'x':269,'y':286,'width':226,'height':142}},{'label':'mango','type':'rectangle','coordinates':{'x':137,'y':190,'width':64,'height':53}}]"
TuriSample/images/Fruits112.png,"[{'label':'mango','type':'rectangle','coordinates':{'x':192,'y':298,'width':141,'height':155}}]"
TuriSample/images/Fruits113.png,"[{'label':'mango','type':'rectangle','coordinates':{'x':210,'y':246,'width':188,'height':181}}]"
TuriSample/images/Fruits114.png,"[{'label':'mango','type':'rectangle','coordinates':{'x':174,'y':260,'width':162,'height':137}}]"
TuriSample/images/Fruits115.png,"[{'label':'mango','type':'rectangle','coordinates':{'x':194,'y':262,'width':160,'height':128}}]"
TuriSample/images/Fruits116.png,"[{'label':'mango','type':'rectangle','coordinates':{'x':209,'y':314,'width':196,'height':164}}]"
TuriSample/images/Fruits117.png,"[{'label':'mango','type':'rectangle','coordinates':{'x':225,'y':299,'width':175,'height':155}}]"
TuriSample/images/Fruits118.png,"[{'label':'mango','type':'rectangle','coordinates':{'x':219,'y':218,'width':148,'height':123}},{'label':'dragonfruit','type':'rectangle','coordinates':{'x':247,'y':51,'width':78,'height':49}}]"
TuriSample/images/Fruits119.png,"[{'label':'mango','type':'rectangle','coordinates':{'x':232,'y':131,'width':126,'height':104}}]"
TuriSample/images/Fruits120.png,"[{'label':'mango','type':'rectangle','coordinates':{'x':212,'y':260,'width':122,'height':136}}]"
TuriSample/images/Fruits121.png,"[{'label':'mango','type':'rectangle','coordinates':{'x':272,'y':247,'width':128,'height':136}}]"
TuriSample/images/Fruits122.png,"[{'label':'mango','type':'rectangle','coordinates':{'x':258,'y':282,'width':115,'height':91}}]"
TuriSample/images/Fruits123.png,"[{'label':'mango','type':'rectangle','coordinates':{'x':259,'y':281,'width':117,'height':93}}]"
TuriSample/images/Fruits124.png,"[{'label':'mango','type':'rectangle','coordinates':{'x':187,'y':292,'width':112,'height':85}}]"
TuriSample/images/Fruits125.png,"[{'label':'mango','type':'rectangle','coordinates':{'x':129,'y':260,'width':131,'height':141}}]"
TuriSample/images/Fruits126.png,"[{'label':'mango','type':'rectangle','coordinates':{'x':272,'y':242,'width':133,'height':102}}]"
TuriSample/images/Fruits127.png,"[{'label':'mango','type':'rectangle','coordinates':{'x':205,'y':298,'width':105,'height':90}}]"
TuriSample/images/Fruits128.png,"[{'label':'mango','type':'rectangle','coordinates':{'x':112,'y':271,'width':122,'height':99}}]"
TuriSample/images/Fruits129.png,"[{'label':'mango','type':'rectangle','coordinates':{'x':192,'y':355,'width':118,'height':143}}]"
TuriSample/images/Fruits130.png,"[{'label':'mango','type':'rectangle','coordinates':{'x':193,'y':372,'width':109,'height':135}}]"
TuriSample/images/Fruits131.png,"[{'label':'mango','type':'rectangle','coordinates':{'x':222,'y':171,'width':122,'height':129}}]"
TuriSample/images/Fruits132.png,"[{'label':'mango','type':'rectangle','coordinates':{'x':186,'y':322,'width':150,'height':137}}]"
TuriSample/images/Fruits133.png,"[{'label':'mango','type':'rectangle','coordinates':{'x':274,'y':299,'width':164,'height':140}}]"
TuriSample/images/Fruits134.png,"[{'label':'apple','type':'rectangle','coordinates':{'x':140,'y':301,'width':86,'height':92}},{'label':'apple','type':'rectangle','coordinates':{'x':234,'y':242,'width':66,'height':65}}]"
TuriSample/images/Fruits135.png,"[{'label':'apple','type':'rectangle','coordinates':{'x':142,'y':300,'width':87,'height':95}},{'label':'apple','type':'rectangle','coordinates':{'x':234,'y':241,'width':67,'height':64}}]"
TuriSample/images/Fruits136.png,"[{'label':'apple','type':'rectangle','coordinates':{'x':140,'y':253,'width':95,'height':107}},{'label':'apple','type':'rectangle','coordinates':{'x':233,'y':226,'width':69,'height':80}}]"
TuriSample/images/Fruits137.png,"[{'label':'apple','type':'rectangle','coordinates':{'x':140,'y':250,'width':99,'height':110}},{'label':'apple','type':'rectangle','coordinates':{'x':233,'y':224,'width':68,'height':81}}]"
TuriSample/images/Fruits138.png,"[{'label':'apple','type':'rectangle','coordinates':{'x':166,'y':261,'width':90,'height':90}},{'label':'apple','type':'rectangle','coordinates':{'x':290,'y':260,'width':74,'height':84}}]"
TuriSample/images/Fruits139.png,"[{'label':'apple','type':'rectangle','coordinates':{'x':165,'y':261,'width':88,'height':96}},{'label':'apple','type':'rectangle','coordinates':{'x':291,'y':261,'width':74,'height':86}}]"
TuriSample/images/Fruits140.png,"[{'label':'apple','type':'rectangle','coordinates':{'x':223,'y':275,'width':179,'height':192}}]"
TuriSample/images/Fruits141.png,"[{'label':'apple','type':'rectangle','coordinates':{'x':143,'y':248,'width':162,'height':182}}]"
TuriSample/images/Fruits142.png,"[{'label':'apple','type':'rectangle','coordinates':{'x':152,'y':313,'width':166,'height':173}}]"
TuriSample/images/Fruits143.png,"[{'label':'apple','type':'rectangle','coordinates':{'x':124,'y':311,'width':144,'height':144}}]"
TuriSample/images/Fruits144.png,"[{'label':'apple','type':'rectangle','coordinates':{'x':125,'y':313,'width':143,'height':143}}]"
TuriSample/images/Fruits145.png,"[{'label':'apple','type':'rectangle','coordinates':{'x':235,'y':366,'width':190,'height':189}}]"
TuriSample/images/Fruits146.png,"[{'label':'apple','type':'rectangle','coordinates':{'x':207,'y':401,'width':110,'height':121}},{'label':'apple','type':'rectangle','coordinates':{'x':221,'y':337,'width':82,'height':72}}]"
TuriSample/images/Fruits147.png,"[{'label':'apple','type':'rectangle','coordinates':{'x':178,'y':332,'width':96,'height':113}},{'label':'apple','type':'rectangle','coordinates':{'x':366,'y':315,'width':66,'height':105}}]"
TuriSample/images/Fruits148.png,"[{'label':'apple','type':'rectangle','coordinates':{'x':260,'y':299,'width':95,'height':101}},{'label':'apple','type':'rectangle','coordinates':{'x':48,'y':332,'width':97,'height':114}}]"
TuriSample/images/Fruits149.png,"[{'label':'apple','type':'rectangle','coordinates':{'x':127,'y':235,'width':85,'height':94}},{'label':'apple','type':'rectangle','coordinates':{'x':260,'y':259,'width':109,'height':120}}]"
TuriSample/images/Fruits150.png,"[{'label':'apple','type':'rectangle','coordinates':{'x':227,'y':307,'width':85,'height':94}},{'label':'apple','type':'rectangle','coordinates':{'x':189,'y':280,'width':52,'height':68}}]"
TuriSample/images/Fruits151.png,"[{'label':'apple','type':'rectangle','coordinates':{'x':227,'y':306,'width':89,'height':97}},{'label':'apple','type':'rectangle','coordinates':{'x':189,'y':279,'width':54,'height':68}}]"
TuriSample/images/Fruits152.png,"[{'label':'apple','type':'rectangle','coordinates':{'x':216,'y':332,'width':99,'height':100}},{'label':'apple','type':'rectangle','coordinates':{'x':160,'y':242,'width':69,'height':78}}]"
TuriSample/images/Fruits153.png,"[{'label':'apple','type':'rectangle','coordinates':{'x':215,'y':327,'width':99,'height':100}},{'label':'apple','type':'rectangle','coordinates':{'x':159,'y':235,'width':71,'height':76}}]"
TuriSample/images/Fruits154.png,"[{'label':'apple','type':'rectangle','coordinates':{'x':163,'y':273,'width':89,'height':89}},{'label':'apple','type':'rectangle','coordinates':{'x':257,'y':414,'width':115,'height':118}}]"
TuriSample/images/Fruits155.png,"[{'label':'apple','type':'rectangle','coordinates':{'x':176,'y':226,'width':80,'height':84}},{'label':'apple','type':'rectangle','coordinates':{'x':205,'y':316,'width':111,'height':119}}]"
TuriSample/images/Fruits156.png,"[{'label':'apple','type':'rectangle','coordinates':{'x':266,'y':186,'width':109,'height':110}},{'label':'apple','type':'rectangle','coordinates':{'x':186,'y':41,'width':60,'height':70}}]"
TuriSample/images/Fruits157.png,"[{'label':'apple','type':'rectangle','coordinates':{'x':289,'y':245,'width':109,'height':111}}]"
TuriSample/images/Fruits158.png,"[{'label':'apple','type':'rectangle','coordinates':{'x':286,'y':249,'width':111,'height':116}}]"
TuriSample/images/Fruits159.png,"[{'label':'apple','type':'rectangle','coordinates':{'x':222,'y':288,'width':95,'height':89}}]"
TuriSample/images/Fruits160.png,"[{'label':'apple','type':'rectangle','coordinates':{'x':222,'y':287,'width':97,'height':89}}]"
TuriSample/images/Fruits161.png,"[{'label':'apple','type':'rectangle','coordinates':{'x':229,'y':258,'width':114,'height':98}},{'label':'apple','type':'rectangle','coordinates':{'x':194,'y':146,'width':60,'height':58}}]"
TuriSample/images/Fruits162.png,"[{'label':'apple','type':'rectangle','coordinates':{'x':230,'y':255,'width':113,'height':98}},{'label':'apple','type':'rectangle','coordinates':{'x':193,'y':142,'width':64,'height':57}}]"
TuriSample/images/Fruits163.png,"[{'label':'apple','type':'rectangle','coordinates':{'x':223,'y':295,'width':119,'height':113}},{'label':'apple','type':'rectangle','coordinates':{'x':78,'y':122,'width':76,'height':72}}]"
TuriSample/images/Fruits164.png,"[{'label':'apple','type':'rectangle','coordinates':{'x':240,'y':271,'width':129,'height':141}}]"
TuriSample/images/Fruits165.png,"[{'label':'apple','type':'rectangle','coordinates':{'x':186,'y':233,'width':96,'height':101}}]"
TuriSample/images/Fruits166.png,"[{'label':'apple','type':'rectangle','coordinates':{'x':189,'y':222,'width':85,'height':84}}]"
TuriSample/images/Fruits167.png,"[{'label':'apple','type':'rectangle','coordinates':{'x':195,'y':252,'width':95,'height':109}}]"
TuriSample/images/Fruits168.png,"[{'label':'apple','type':'rectangle','coordinates':{'x':228,'y':255,'width':102,'height':119}}]"
TuriSample/images/Fruits169.png,"[{'label':'apple','type':'rectangle','coordinates':{'x':183,'y':269,'width':79,'height':85}}]"
TuriSample/images/Fruits170.png,"[{'label':'apple','type':'rectangle','coordinates':{'x':275,'y':273,'width':96,'height':100}}]"
TuriSample/images/Fruits171.png,"[{'label':'apple','type':'rectangle','coordinates':{'x':234,'y':347,'width':113,'height':117}}]"
TuriSample/images/Fruits172.png,"[{'label':'apple','type':'rectangle','coordinates':{'x':190,'y':286,'width':90,'height':101}}]"
TuriSample/images/Fruits173.png,"[{'label':'apple','type':'rectangle','coordinates':{'x':186,'y':168,'width':253,'height':282}}]"
TuriSample/images/Fruits174.png,"[{'label':'apple','type':'rectangle','coordinates':{'x':187,'y':166,'width':255,'height':282}}]"
TuriSample/images/Fruits175.png,"[{'label':'apple','type':'rectangle','coordinates':{'x':187,'y':225,'width':253,'height':284}}]"
TuriSample/images/Fruits176.png,"[{'label':'apple','type':'rectangle','coordinates':{'x':187,'y':225,'width':256,'height':284}}]"
TuriSample/images/Fruits177.png,"[{'label':'apple','type':'rectangle','coordinates':{'x':210,'y':285,'width':320,'height':350}}]"
TuriSample/images/Fruits178.png,"[{'label':'apple','type':'rectangle','coordinates':{'x':212,'y':284,'width':319,'height':353}}]"
TuriSample/images/Fruits179.png,"[{'label':'apple','type':'rectangle','coordinates':{'x':202,'y':220,'width':319,'height':354}}]"
TuriSample/images/Fruits180.png,"[{'label':'apple','type':'rectangle','coordinates':{'x':202,'y':217,'width':321,'height':356}}]"
TuriSample/images/Fruits181.png,"[{'label':'apple','type':'rectangle','coordinates':{'x':248,'y':267,'width':261,'height':269}}]"
TuriSample/images/Fruits182.png,"[{'label':'apple','type':'rectangle','coordinates':{'x':251,'y':267,'width':257,'height':267}}]"
TuriSample/images/Fruits183.png,"[{'label':'apple','type':'rectangle','coordinates':{'x':227,'y':326,'width':180,'height':194}}]"
TuriSample/images/Fruits184.png,"[{'label':'apple','type':'rectangle','coordinates':{'x':218,'y':312,'width':181,'height':198}}]"
TuriSample/images/Fruits185.png,"[{'label':'apple','type':'rectangle','coordinates':{'x':246,'y':243,'width':186,'height':188}}]"
TuriSample/images/Fruits186.png,"[{'label':'apple','type':'rectangle','coordinates':{'x':175,'y':267,'width':193,'height':197}}]"
TuriSample/images/Fruits187.png,"[{'label':'apple','type':'rectangle','coordinates':{'x':206,'y':348,'width':244,'height':247}}]"
TuriSample/images/Fruits188.png,"[{'label':'apple','type':'rectangle','coordinates':{'x':205,'y':209,'width':205,'height':205}}]"
TuriSample/images/Fruits189.png,"[{'label':'apple','type':'rectangle','coordinates':{'x':199,'y':337,'width':235,'height':259}}]"
TuriSample/images/Fruits190.png,"[{'label':'apple','type':'rectangle','coordinates':{'x':231,'y':251,'width':245,'height':270}}]"
TuriSample/images/Fruits191.png,"[{'label':'apple','type':'rectangle','coordinates':{'x':202,'y':228,'width':237,'height':246}}]"
TuriSample/images/Fruits192.png,"[{'label':'apple','type':'rectangle','coordinates':{'x':195,'y':295,'width':218,'height':219}}]"
TuriSample/images/Fruits193.png,"[{'label':'apple','type':'rectangle','coordinates':{'x':210,'y':231,'width':196,'height':201}}]"
TuriSample/images/Fruits194.png,"[{'label':'apple','type':'rectangle','coordinates':{'x':145,'y':295,'width':207,'height':218}}]"
TuriSample/images/Fruits195.png,"[{'label':'apple','type':'rectangle','coordinates':{'x':222,'y':285,'width':247,'height':274}}]"
TuriSample/images/Fruits196.png,"[{'label':'apple','type':'rectangle','coordinates':{'x':176,'y':290,'width':241,'height':241}}]"
TuriSample/images/Fruits197.png,"[{'label':'apple','type':'rectangle','coordinates':{'x':185,'y':275,'width':217,'height':206}}]"
TuriSample/images/Fruits198.png,"[{'label':'apple','type':'rectangle','coordinates':{'x':121,'y':296,'width':100,'height':96}},{'label':'apple','type':'rectangle','coordinates':{'x':195,'y':349,'width':93,'height':88}},{'label':'banana','type':'rectangle','coordinates':{'x':179,'y':302,'width':186,'height':181}},{'label':'banana','type':'rectangle','coordinates':{'x':235,'y':277,'width':172,'height':160}}]"
TuriSample/images/Fruits199.png,"[{'label':'banana','type':'rectangle','coordinates':{'x':110,'y':353,'width':217,'height':171}},{'label':'banana','type':'rectangle','coordinates':{'x':286,'y':322,'width':92,'height':238}}]"
TuriSample/images/Fruits200.png,"[{'label':'banana','type':'rectangle','coordinates':{'x':185,'y':289,'width':263,'height':60}},{'label':'banana','type':'rectangle','coordinates':{'x':245,'y':313,'width':246,'height':96}}]"
TuriSample/images/Fruits201.png,"[{'label':'banana','type':'rectangle','coordinates':{'x':216,'y':271,'width':165,'height':56}},{'label':'banana','type':'rectangle','coordinates':{'x':239,'y':281,'width':142,'height':105}}]"
TuriSample/images/Fruits202.png,"[{'label':'banana','type':'rectangle','coordinates':{'x':198,'y':286,'width':289,'height':48}}]"
TuriSample/images/Fruits203.png,"[{'label':'banana','type':'rectangle','coordinates':{'x':152,'y':314,'width':274,'height':125}},{'label':'banana','type':'rectangle','coordinates':{'x':254,'y':348,'width':204,'height':229}}]"
TuriSample/images/Fruits204.png,"[{'label':'banana','type':'rectangle','coordinates':{'x':186,'y':214,'width':115,'height':290}},{'label':'banana','type':'rectangle','coordinates':{'x':289,'y':188,'width':137,'height':317}}]"
TuriSample/images/Fruits205.png,"[{'label':'banana','type':'rectangle','coordinates':{'x':156,'y':243,'width':190,'height':118}},{'label':'banana','type':'rectangle','coordinates':{'x':281,'y':241,'width':95,'height':119}}]"
TuriSample/images/Fruits206.png,"[{'label':'banana','type':'rectangle','coordinates':{'x':167,'y':228,'width':300,'height':111}},{'label':'banana','type':'rectangle','coordinates':{'x':279,'y':273,'width':221,'height':186}}]"
TuriSample/images/Fruits207.png,"[{'label':'banana','type':'rectangle','coordinates':{'x':180,'y':230,'width':235,'height':174}},{'label':'banana','type':'rectangle','coordinates':{'x':262,'y':241,'width':117,'height':181}},{'label':'banana','type':'rectangle','coordinates':{'x':334,'y':239,'width':105,'height':250}}]"
TuriSample/images/Fruits208.png,"[{'label':'banana','type':'rectangle','coordinates':{'x':189,'y':159,'width':243,'height':86}},{'label':'banana','type':'rectangle','coordinates':{'x':180,'y':205,'width':239,'height':66}},{'label':'banana','type':'rectangle','coordinates':{'x':233,'y':227,'width':178,'height':123}}]"
TuriSample/images/Fruits209.png,"[{'label':'banana','type':'rectangle','coordinates':{'x':151,'y':319,'width':144,'height':229}},{'label':'banana','type':'rectangle','coordinates':{'x':215,'y':258,'width':92,'height':97}},{'label':'banana','type':'rectangle','coordinates':{'x':226,'y':334,'width':85,'height':165}}]"
TuriSample/images/Fruits210.png,"[{'label':'banana','type':'rectangle','coordinates':{'x':169,'y':304,'width':77,'height':212}},{'label':'banana','type':'rectangle','coordinates':{'x':205,'y':304,'width':62,'height':207}},{'label':'banana','type':'rectangle','coordinates':{'x':246,'y':275,'width':56,'height':110}}]"
TuriSample/images/Fruits211.png,"[{'label':'banana','type':'rectangle','coordinates':{'x':187,'y':212,'width':139,'height':41}},{'label':'banana','type':'rectangle','coordinates':{'x':171,'y':246,'width':134,'height':56}},{'label':'banana','type':'rectangle','coordinates':{'x':224,'y':290,'width':176,'height':55}}]"
TuriSample/images/Fruits212.png,"[{'label':'banana','type':'rectangle','coordinates':{'x':185,'y':315,'width':58,'height':172}},{'label':'banana','type':'rectangle','coordinates':{'x':219,'y':325,'width':55,'height':184}}]"
TuriSample/images/Fruits213.png,"[{'label':'banana','type':'rectangle','coordinates':{'x':114,'y':294,'width':97,'height':286}},{'label':'banana','type':'rectangle','coordinates':{'x':283,'y':325,'width':233,'height':163}}]"
TuriSample/images/Fruits214.png,"[{'label':'banana','type':'rectangle','coordinates':{'x':142,'y':202,'width':192,'height':143}},{'label':'banana','type':'rectangle','coordinates':{'x':212,'y':397,'width':264,'height':186}}]"
TuriSample/images/Fruits215.png,"[{'label':'banana','type':'rectangle','coordinates':{'x':226,'y':287,'width':240,'height':215}},{'label':'banana','type':'rectangle','coordinates':{'x':243,'y':335,'width':139,'height':76}}]"
TuriSample/images/Fruits216.png,"[{'label':'banana','type':'rectangle','coordinates':{'x':176,'y':346,'width':85,'height':260}},{'label':'banana','type':'rectangle','coordinates':{'x':250,'y':362,'width':110,'height':42}}]"
TuriSample/images/Fruits217.png,"[{'label':'banana','type':'rectangle','coordinates':{'x':187,'y':317,'width':61,'height':219}},{'label':'banana','type':'rectangle','coordinates':{'x':259,'y':353,'width':84,'height':47}}]"
TuriSample/images/Fruits218.png,"[{'label':'banana','type':'rectangle','coordinates':{'x':226,'y':146,'width':170,'height':108}},{'label':'banana','type':'rectangle','coordinates':{'x':204,'y':311,'width':105,'height':158}}]"
TuriSample/images/Fruits219.png,"[{'label':'banana','type':'rectangle','coordinates':{'x':256,'y':244,'width':138,'height':125}},{'label':'banana','type':'rectangle','coordinates':{'x':235,'y':334,'width':185,'height':128}}]"
TuriSample/images/Fruits220.png,"[{'label':'banana','type':'rectangle','coordinates':{'x':287,'y':389,'width':214,'height':111}}]"
TuriSample/images/Fruits221.png,"[{'label':'banana','type':'rectangle','coordinates':{'x':204,'y':327,'width':304,'height':79}}]"
TuriSample/images/Fruits222.png,"[{'label':'banana','type':'rectangle','coordinates':{'x':209,'y':297,'width':315,'height':77}}]"
TuriSample/images/Fruits223.png,"[{'label':'banana','type':'rectangle','coordinates':{'x':186,'y':277,'width':214,'height':124}},{'label':'banana','type':'rectangle','coordinates':{'x':212,'y':275,'width':93,'height':181}}]"
TuriSample/images/Fruits224.png,"[{'label':'banana','type':'rectangle','coordinates':{'x':206,'y':346,'width':354,'height':120}}]"
TuriSample/images/Fruits225.png,"[{'label':'banana','type':'rectangle','coordinates':{'x':214,'y':293,'width':326,'height':94}}]"
TuriSample/images/Fruits226.png,"[{'label':'banana','type':'rectangle','coordinates':{'x':212,'y':288,'width':187,'height':203}}]"
TuriSample/images/Fruits227.png,"[{'label':'banana','type':'rectangle','coordinates':{'x':203,'y':258,'width':239,'height':61}}]"
TuriSample/images/Fruits228.png,"[{'label':'banana','type':'rectangle','coordinates':{'x':234,'y':264,'width':260,'height':77}}]"
TuriSample/images/Fruits229.png,"[{'label':'banana','type':'rectangle','coordinates':{'x':232,'y':205,'width':80,'height':21}}]"
TuriSample/images/Fruits230.png,"[{'label':'banana','type':'rectangle','coordinates':{'x':194,'y':253,'width':78,'height':143}}]"
TuriSample/images/Fruits231.png,"[{'label':'banana','type':'rectangle','coordinates':{'x':188,'y':169,'width':142,'height':282}}]"
TuriSample/images/Fruits232.png,"[{'label':'mango','type':'rectangle','coordinates':{'x':148,'y':317,'width':102,'height':115}},{'label':'apple','type':'rectangle','coordinates':{'x':173,'y':170,'width':62,'height':65}},{'label':'apple','type':'rectangle','coordinates':{'x':293,'y':255,'width':74,'height':75}}]"
TuriSample/images/Fruits233.png,"[{'label':'apple','type':'rectangle','coordinates':{'x':144,'y':124,'width':103,'height':107}},{'label':'apple','type':'rectangle','coordinates':{'x':342,'y':248,'width':115,'height':126}},{'label':'mango','type':'rectangle','coordinates':{'x':110,'y':345,'width':169,'height':184}}]"
TuriSample/images/Fruits234.png,"[{'label':'mango','type':'rectangle','coordinates':{'x':196,'y':322,'width':210,'height':187}}]"
TuriSample/images/Fruits235.png,"[{'label':'banana','type':'rectangle','coordinates':{'x':277,'y':177,'width':166,'height':42}},{'label':'banana','type':'rectangle','coordinates':{'x':330,'y':139,'width':131,'height':48}},{'label':'apple','type':'rectangle','coordinates':{'x':206,'y':426,'width':111,'height':123}},{'label':'mango','type':'rectangle','coordinates':{'x':159,'y':310,'width':136,'height':107}},{'label':'apple','type':'rectangle','coordinates':{'x':374,'y':354,'width':50,'height':106}}]"
TuriSample/images/Fruits236.png,"[{'label':'banana','type':'rectangle','coordinates':{'x':202,'y':308,'width':176,'height':198}}]"
TuriSample/images/Fruits237.png,"[{'label':'banana','type':'rectangle','coordinates':{'x':188,'y':285,'width':236,'height':75}},{'label':'apple','type':'rectangle','coordinates':{'x':69,'y':47,'width':64,'height':72}}]"
TuriSample/images/Fruits238.png,"[{'label':'apple','type':'rectangle','coordinates':{'x':99,'y':104,'width':56,'height':62}},{'label':'banana','type':'rectangle','coordinates':{'x':196,'y':331,'width':221,'height':80}}]"
TuriSample/images/Fruits239.png,"[{'label':'banana','type':'rectangle','coordinates':{'x':210,'y':316,'width':93,'height':215}}]"
TuriSample/images/Fruits240.png,"[{'label':'banana','type':'rectangle','coordinates':{'x':215,'y':322,'width':94,'height':215}}]"
TuriSample/images/Fruits241.png,"[{'label':'banana','type':'rectangle','coordinates':{'x':151,'y':232,'width':93,'height':172}},{'label':'banana','type':'rectangle','coordinates':{'x':257,'y':319,'width':88,'height':209}}]"
TuriSample/images/Fruits242.png,"[{'label':'banana','type':'rectangle','coordinates':{'x':130,'y':352,'width':119,'height':195}},{'label':'banana','type':'rectangle','coordinates':{'x':255,'y':315,'width':93,'height':199}}]"
TuriSample/images/Fruits243.png,"[{'label':'banana','type':'rectangle','coordinates':{'x':117,'y':259,'width':75,'height':81}},{'label':'banana','type':'rectangle','coordinates':{'x':214,'y':251,'width':85,'height':77}},{'label':'apple','type':'rectangle','coordinates':{'x':195,'y':349,'width':98,'height':110}}]"
TuriSample/images/Fruits244.png,"[{'label':'apple','type':'rectangle','coordinates':{'x':221,'y':181,'width':55,'height':61}},{'label':'apple','type':'rectangle','coordinates':{'x':237,'y':357,'width':91,'height':96}},{'label':'banana','type':'rectangle','coordinates':{'x':65,'y':276,'width':87,'height':139}}]"
TuriSample/images/Fruits245.png,"[{'label':'banana','type':'rectangle','coordinates':{'x':129,'y':252,'width':110,'height':127}},{'label':'apple','type':'rectangle','coordinates':{'x':307,'y':195,'width':61,'height':63}},{'label':'apple','type':'rectangle','coordinates':{'x':207,'y':389,'width':88,'height':91}}]"
TuriSample/images/Fruits246.png,"[{'label':'apple','type':'rectangle','coordinates':{'x':201,'y':320,'width':75,'height':75}},{'label':'apple','type':'rectangle','coordinates':{'x':342,'y':268,'width':76,'height':77}},{'label':'banana','type':'rectangle','coordinates':{'x':123,'y':330,'width':132,'height':173}}]"
TuriSample/images/Fruits247.png,"[{'label':'banana','type':'rectangle','coordinates':{'x':118,'y':326,'width':129,'height':181}},{'label':'apple','type':'rectangle','coordinates':{'x':199,'y':314,'width':75,'height':74}},{'label':'apple','type':'rectangle','coordinates':{'x':339,'y':263,'width':75,'height':76}}]"
TuriSample/images/Fruits248.png,"[{'label':'apple','type':'rectangle','coordinates':{'x':182,'y':281,'width':57,'height':59}},{'label':'apple','type':'rectangle','coordinates':{'x':271,'y':249,'width':52,'height':54}},{'label':'banana','type':'rectangle','coordinates':{'x':117,'y':298,'width':85,'height':101}}]"
TuriSample/images/Fruits249.png,"[{'label':'banana','type':'rectangle','coordinates':{'x':86,'y':313,'width':132,'height':153}},{'label':'apple','type':'rectangle','coordinates':{'x':196,'y':282,'width':94,'height':103}},{'label':'apple','type':'rectangle','coordinates':{'x':341,'y':234,'width':90,'height':91}}]"
TuriSample/images/Fruits250.png,"[{'label':'apple','type':'rectangle','coordinates':{'x':170,'y':148,'width':123,'height':136}},{'label':'mango','type':'rectangle','coordinates':{'x':162,'y':392,'width':193,'height':231}}]"
TuriSample/images/Fruits251.png,"[{'label':'mango','type':'rectangle','coordinates':{'x':314,'y':315,'width':171,'height':168}},{'label':'apple','type':'rectangle','coordinates':{'x':119,'y':320,'width':137,'height':139}}]"
TuriSample/images/Fruits252.png,"[{'label':'apple','type':'rectangle','coordinates':{'x':205,'y':274,'width':81,'height':88}},{'label':'apple','type':'rectangle','coordinates':{'x':97,'y':346,'width':95,'height':88}},{'label':'mango','type':'rectangle','coordinates':{'x':240,'y':407,'width':155,'height':141}}]"
TuriSample/images/Fruits253.png,"[{'label':'mango','type':'rectangle','coordinates':{'x':310,'y':347,'width':179,'height':135}},{'label':'apple','type':'rectangle','coordinates':{'x':117,'y':390,'width':132,'height':145}},{'label':'apple','type':'rectangle','coordinates':{'x':163,'y':320,'width':88,'height':95}}]"
TuriSample/images/Fruits254.png,"[{'label':'apple','type':'rectangle','coordinates':{'x':261,'y':341,'width':91,'height':98}},{'label':'apple','type':'rectangle','coordinates':{'x':322,'y':293,'width':68,'height':73}},{'label':'mango','type':'rectangle','coordinates':{'x':111,'y':359,'width':145,'height':125}}]"
TuriSample/images/Fruits255.png,"[{'label':'mango','type':'rectangle','coordinates':{'x':126,'y':326,'width':97,'height':94}},{'label':'apple','type':'rectangle','coordinates':{'x':242,'y':366,'width':91,'height':96}},{'label':'apple','type':'rectangle','coordinates':{'x':319,'y':316,'width':67,'height':74}}]"
TuriSample/images/Fruits256.png,"[{'label':'apple','type':'rectangle','coordinates':{'x':244,'y':158,'width':82,'height':85}},{'label':'apple','type':'rectangle','coordinates':{'x':369,'y':252,'width':61,'height':91}},{'label':'banana','type':'rectangle','coordinates':{'x':159,'y':341,'width':189,'height':218}}]"
TuriSample/images/Fruits257.png,"[{'label':'banana','type':'rectangle','coordinates':{'x':78,'y':324,'width':91,'height':205}},{'label':'banana','type':'rectangle','coordinates':{'x':173,'y':366,'width':92,'height':216}},{'label':'apple','type':'rectangle','coordinates':{'x':214,'y':214,'width':68,'height':67}},{'label':'apple','type':'rectangle','coordinates':{'x':327,'y':296,'width':79,'height':79}}]"
TuriSample/images/Fruits258.png,"[{'label':'apple','type':'rectangle','coordinates':{'x':207,'y':287,'width':60,'height':61}},{'label':'apple','type':'rectangle','coordinates':{'x':320,'y':308,'width':76,'height':76}},{'label':'banana','type':'rectangle','coordinates':{'x':63,'y':336,'width':108,'height':92}},{'label':'banana','type':'rectangle','coordinates':{'x':156,'y':356,'width':112,'height':111}}]"
TuriSample/images/Fruits259.png,"[{'label':'banana','type':'rectangle','coordinates':{'x':121,'y':329,'width':185,'height':66}},{'label':'banana','type':'rectangle','coordinates':{'x':119,'y':367,'width':188,'height':88}},{'label':'apple','type':'rectangle','coordinates':{'x':269,'y':319,'width':63,'height':67}},{'label':'apple','type':'rectangle','coordinates':{'x':323,'y':375,'width':92,'height':97}}]"
TuriSample/images/Fruits260.png,"[{'label':'apple','type':'rectangle','coordinates':{'x':267,'y':320,'width':63,'height':71}},{'label':'apple','type':'rectangle','coordinates':{'x':321,'y':375,'width':96,'height':98}},{'label':'banana','type':'rectangle','coordinates':{'x':112,'y':331,'width':168,'height':69}},{'label':'banana','type':'rectangle','coordinates':{'x':118,'y':365,'width':183,'height':88}}]"
TuriSample/images/Fruits261.png,"[{'label':'banana','type':'rectangle','coordinates':{'x':72,'y':332,'width':89,'height':248}},{'label':'banana','type':'rectangle','coordinates':{'x':336,'y':345,'width':126,'height':233}},{'label':'mango','type':'rectangle','coordinates':{'x':187,'y':374,'width':140,'height':116}}]"
TuriSample/images/Fruits262.png,"[{'label':'apple','type':'rectangle','coordinates':{'x':217,'y':314,'width':128,'height':130}}]"
TuriSample/images/Fruits263.png,"[{'label':'apple','type':'rectangle','coordinates':{'x':204,'y':329,'width':137,'height':151}}]"
TuriSample/images/Fruits264.png,"[{'label':'apple','type':'rectangle','coordinates':{'x':172,'y':300,'width':120,'height':127}}]"
TuriSample/images/Fruits265.png,"[{'label':'apple','type':'rectangle','coordinates':{'x':230,'y':104,'width':126,'height':130}},{'label':'apple','type':'rectangle','coordinates':{'x':228,'y':406,'width':127,'height':131}}]"
TuriSample/images/Fruits266.png,"[{'label':'apple','type':'rectangle','coordinates':{'x':81,'y':322,'width':110,'height':110}},{'label':'apple','type':'rectangle','coordinates':{'x':290,'y':366,'width':136,'height':148}}]"
TuriSample/images/Fruits267.png,"[{'label':'apple','type':'rectangle','coordinates':{'x':301,'y':316,'width':101,'height':104}},{'label':'mango','type':'rectangle','coordinates':{'x':121,'y':313,'width':158,'height':120}}]"
TuriSample/images/Fruits268.png,"[{'label':'mango','type':'rectangle','coordinates':{'x':94,'y':342,'width':134,'height':121}},{'label':'apple','type':'rectangle','coordinates':{'x':296,'y':344,'width':93,'height':95}}]"
TuriSample/images/Fruits269.png,"[{'label':'apple','type':'rectangle','coordinates':{'x':321,'y':333,'width':95,'height':96}},{'label':'mango','type':'rectangle','coordinates':{'x':119,'y':329,'width':147,'height':114}}]"
TuriSample/images/Fruits270.png,"[{'label':'mango','type':'rectangle','coordinates':{'x':105,'y':302,'width':138,'height':118}},{'label':'apple','type':'rectangle','coordinates':{'x':293,'y':274,'width':89,'height':92}}]"
TuriSample/images/Fruits271.png,"[{'label':'apple','type':'rectangle','coordinates':{'x':293,'y':300,'width':90,'height':92}},{'label':'mango','type':'rectangle','coordinates':{'x':102,'y':332,'width':142,'height':124}}]"
TuriSample/images/Fruits272.png,"[{'label':'apple','type':'rectangle','coordinates':{'x':234,'y':232,'width':89,'height':88}},{'label':'banana','type':'rectangle','coordinates':{'x':128,'y':327,'width':142,'height':246}}]"
TuriSample/images/Fruits273.png,"[{'label':'banana','type':'rectangle','coordinates':{'x':129,'y':330,'width':153,'height':181}},{'label':'apple','type':'rectangle','coordinates':{'x':254,'y':250,'width':94,'height':95}}]"
TuriSample/images/Fruits274.png,"[{'label':'apple','type':'rectangle','coordinates':{'x':62,'y':201,'width':53,'height':54}},{'label':'apple','type':'rectangle','coordinates':{'x':332,'y':340,'width':112,'height':111}},{'label':'banana','type':'rectangle','coordinates':{'x':116,'y':347,'width':218,'height':144}}]"
TuriSample/images/Fruits275.png,"[{'label':'banana','type':'rectangle','coordinates':{'x':117,'y':350,'width':230,'height':99}},{'label':'apple','type':'rectangle','coordinates':{'x':325,'y':364,'width':111,'height':115}},{'label':'apple','type':'rectangle','coordinates':{'x':90,'y':248,'width':49,'height':49}}]"
TuriSample/images/Fruits276.png,"[{'label':'banana','type':'rectangle','coordinates':{'x':93,'y':254,'width':128,'height':224}},{'label':'banana','type':'rectangle','coordinates':{'x':249,'y':308,'width':202,'height':194}}]"
TuriSample/images/Fruits277.png,"[{'label':'banana','type':'rectangle','coordinates':{'x':97,'y':330,'width':145,'height':123}},{'label':'banana','type':'rectangle','coordinates':{'x':268,'y':346,'width':222,'height':118}},{'label':'apple','type':'rectangle','coordinates':{'x':74,'y':235,'width':52,'height':52}}]"
TuriSample/images/Fruits278.png,"[{'label':'apple','type':'rectangle','coordinates':{'x':74,'y':282,'width':49,'height':46}},{'label':'banana','type':'rectangle','coordinates':{'x':90,'y':340,'width':143,'height':78}},{'label':'banana','type':'rectangle','coordinates':{'x':258,'y':353,'width':215,'height':86}}]"
